name,mean_jsd,mean_kl
ChaosNLI,0.1335770373794558,1.577111275005315
VariErr,0.3177880194136552,16.93427243057061
