name,mean_jsd,mean_kl
ChaosNLI,0.19377360191420961,1.2014100797572196
VariErr,0.37350991421975493,14.835407755888049
