name,mean_jsd,mean_kl
ChaosNLI,0.13112395540276303,1.845439431310538
VariErr,0.31785970278531456,17.42633682201197
