name,mean_jsd,mean_kl
ChaosNLI,0.2659694420261075,1.6397786888065744
VariErr,0.48164909241251314,17.75063119901894
