name,mean_jsd,mean_kl
ChaosNLI,0.2739591584932838,1.7256015697525207
VariErr,0.47909870783961467,17.595357192719167
