name,mean_jsd,mean_kl
ChaosNLI,0.2618073727729259,1.725493427217378
VariErr,0.4530965892091539,17.355840577690863
