name,mean_jsd,mean_kl
ChaosNLI,0.1509845724189869,2.141316362330363
VariErr,0.3442314595073933,18.565327009123184
