name,mean_jsd,mean_kl
ChaosNLI,0.2305569054276584,2.1870356327641822
VariErr,0.44445785292085166,19.23065420322754
