name,mean_jsd,mean_kl
ChaosNLI,0.1477839418282737,2.1483049975952757
VariErr,0.3317327629403275,18.14584932318064
