name,mean_jsd,mean_kl
ChaosNLI,0.2054362002881287,2.1557458649850534
VariErr,0.3753549211483297,18.149229841162924
