name,mean_jsd,mean_kl
ChaosNLI,0.15960994785488775,1.9696995186806194
VariErr,0.3322654733799184,17.341159234833366
