name,mean_jsd,mean_kl
ChaosNLI,0.1597050755706325,1.9701755505219867
VariErr,0.3323060372646711,17.343282388452536
