name,mean_jsd,mean_kl
ChaosNLI,0.2859536466209618,2.40629566163963
VariErr,0.45440212350835535,18.67270248814961
