name,mean_jsd,mean_kl
ChaosNLI,0.21355141097409625,1.9166338669200824
VariErr,0.37380219820523053,15.82182282550122
