name,mean_jsd,mean_kl
ChaosNLI,0.14452046473691438,2.232062002765653
VariErr,0.3320168888038023,18.289423376349543
